<?xml version="1.0" encoding="UTF-8" standalone="yes"?>
<addon id="script.hello.world" name="Hello World" version="1.0.4" provider-name="fopina">
	<requires>
		<import addon="xbmc.python" version="2.14.0"/>
	</requires>
	<extension point="xbmc.python.script" library="addon.py">
		<provides>executable</provides>
	</extension>
	<extension point="xbmc.addon.metadata">
		<platform>all</platform>
		<summary lang="en">erDNA Hello World</summary>
		<description lang="en">Example Script to show hello world</description>
		<license>GNU General Public License, v2</license>
		<language></language>
		<source>https://github.com/fopina/erDNA-hello</source>
		<website>Kodi.tv</website>
		<email>fopina@gmail.com</email>
		<assets>
			<icon>icon.png</icon>
			<fanart>fanart.jpg</fanart>
			<screenshot>resources/screenshot-01.jpg</screenshot>
			<screenshot>resources/screenshot-02.jpg</screenshot>
			<screenshot>resources/screenshot-03.jpg</screenshot>
		</assets>
		<news>
			Updated the addon to use new addon.xml metadata
			Another update
		</news>
	</extension>
</addon>
