<?xml version="1.0" encoding="UTF-8"?>
<addon id="repository.fopina.erdna" name="fopina/erDNA" version="1.0.4" provider-name="fopina">
    <extension point="xbmc.addon.repository">
        
        <dir minversion="17.0.0">
            <info compressed="false">https://fopina.github.io/erDNA/addons.xml</info>
            <checksum>https://fopina.github.io/erDNA/addons.xml.md5</checksum>
            <datadir zip="true">https://fopina.github.io/erDNA/</datadir>
        </dir>

    </extension>
    <extension point="xbmc.addon.metadata">
        <summary lang="en_GB">erDNA addon collection</summary>
        <description lang="en_GB"></description>
        <language></language>
        <platform>all</platform>
        <license>GPL-3.0</license>
        <forum></forum>
        <source></source>
        <news></news>
        <disclaimer></disclaimer>
    </extension>
</addon>